
{
  "packages" : {
    "GTest" : {
      "version" : "1.10.0",
      "git_url" : "https://github.com/google/googletest.git",
      "git_tag" : "release-${version}"
    },
    "GBench" : {
      "version" : "1.5.3",
      "git_url" : "https://github.com/google/benchmark.git",
      "git_tag" : "v1.5.3"
    },
    "nvbench" : {
      "version" : "0.0",
      "git_shallow" : false,
      "git_url" : "https://github.com/NVIDIA/nvbench.git",
      "git_tag" : "12d13bdc5e74801645eba3e46a64081b9b020dca"
    },
    "nvcomp" : {
      "version" : "2.4.1",
      "git_url" : "https://github.com/NVIDIA/nvcomp.git",
      "git_tag" : "v2.2.0",
      "proprietary_binary" : {
        "x86_64-linux" : "https://developer.download.nvidia.com/compute/nvcomp/${version}/local_installers/nvcomp_${version}_x86_64_11.x.tgz",
        "aarch64-linux" : "https://developer.download.nvidia.com/compute/nvcomp/${version}/local_installers/nvcomp_${version}_sbsa_11.x.tgz"
      }
    },
    "rmm" : {
      "version" : "${rapids-cmake-version}",
      "git_url" : "https://github.com/rapidsai/rmm.git",
      "git_tag" : "branch-${version}"
    },
    "spdlog" : {
      "version" : "1.10.0",
      "git_url" : "https://github.com/gabime/spdlog.git",
      "git_tag" : "v${version}"
    },
    "Thrust" : {
      "version" : "1.17.2",
      "git_url" : "https://github.com/NVIDIA/thrust.git",
      "git_tag" : "${version}",
      "patches" : [
        {
          "file" : "Thrust/transform_iter_with_reduce_by_key.diff",
          "issue" : "Support transform iterator with reduce by key [https://github.com/NVIDIA/thrust/pull/1805]",
          "fixed_in" : "2.1"
        },
        {
          "file" : "Thrust/install_rules.diff",
          "issue" : "Thrust 1.X installs incorrect files [https://github.com/NVIDIA/thrust/issues/1790]",
          "fixed_in" : "2.0"
        }
      ]
    },
    "libcudacxx" : {
      "version" : "1.8.1",
      "git_url" : "https://github.com/NVIDIA/libcudacxx.git",
      "git_tag" : "${version}"
    },
    "cuco" : {
      "version" : "0.0.1",
      "git_shallow" : false,
      "git_url" : "https://github.com/NVIDIA/cuCollections.git",
      "git_tag" : "2a194c9831324904120113bc18135e7933369ee8"
    }
  }
}
